{"cameraMode":{"drawMode":0,"name":"Shaded","section":"Shading Mode"},"sceneLighting":false,"audioPlay":false,"sceneViewState":{"showFog":true,"showMaterialUpdate":false,"showSkybox":true,"showFlares":true,"showImageEffects":true,"showParticleSystems":true},"in2DMode":false,"pivot":{"x":-21.33018684387207,"y":-17.691545486450197,"z":-35.291542053222659},"rotation":{"x":0.0039068409241735939,"y":0.9590755701065064,"z":-0.013244696892797947,"w":0.282863050699234},"size":22.0,"orthographic":false}