{"cameraMode":{"drawMode":0,"name":"Shaded","section":"Shading Mode"},"sceneLighting":false,"audioPlay":false,"sceneViewState":{"showFog":false,"showMaterialUpdate":false,"showSkybox":false,"showFlares":false,"showImageEffects":false,"showParticleSystems":false},"in2DMode":false,"pivot":{"x":0.0,"y":-8.344650268554688e-7,"z":9.685754776000977e-7},"rotation":{"x":0.0039068409241735939,"y":0.9590755701065064,"z":-0.013244696892797947,"w":0.282863050699234},"size":5.729603290557861,"orthographic":false}