{"cameraMode":{"drawMode":0,"name":"Shaded","section":"Shading Mode"},"sceneLighting":false,"audioPlay":false,"sceneViewState":{"showFog":false,"showMaterialUpdate":false,"showSkybox":false,"showFlares":false,"showImageEffects":false,"showParticleSystems":false},"in2DMode":false,"pivot":{"x":2.6089999675750734,"y":-1.0329999923706055,"z":0.0},"rotation":{"x":0.0039068409241735939,"y":0.9590755701065064,"z":-0.013244696892797947,"w":0.282863050699234},"size":5.016922473907471,"orthographic":false}