{"cameraMode":{"drawMode":0,"name":"Shaded","section":"Shading Mode"},"sceneLighting":false,"audioPlay":false,"sceneViewState":{"showFog":true,"showMaterialUpdate":false,"showSkybox":true,"showFlares":true,"showImageEffects":true,"showParticleSystems":true},"in2DMode":false,"pivot":{"x":-0.4218987226486206,"y":0.1290000081062317,"z":1.9188129901885987},"rotation":{"x":0.0039068409241735939,"y":0.9590755701065064,"z":-0.013244696892797947,"w":0.282863050699234},"size":2.010631799697876,"orthographic":false}