{"cameraMode":{"drawMode":0,"name":"Shaded","section":"Shading Mode"},"sceneLighting":false,"audioPlay":false,"sceneViewState":{"showFog":false,"showMaterialUpdate":false,"showSkybox":false,"showFlares":false,"showImageEffects":false,"showParticleSystems":false},"in2DMode":false,"pivot":{"x":-0.40977978706359866,"y":-2.1413474082946779,"z":-2.78462553024292},"rotation":{"x":-0.0021567405201494695,"y":-0.9775239825248718,"z":0.21081194281578065,"w":-0.009984354488551617},"size":5.016922473907471,"orthographic":false}