{"cameraMode":{"drawMode":0,"name":"Shaded","section":"Shading Mode"},"sceneLighting":false,"audioPlay":false,"sceneViewState":{"showFog":false,"showMaterialUpdate":false,"showSkybox":false,"showFlares":false,"showImageEffects":false,"showParticleSystems":false},"in2DMode":false,"pivot":{"x":-0.17752580344676972,"y":0.038101211190223697,"z":-0.004864215850830078},"rotation":{"x":0.0007262275321409106,"y":-0.9991917014122009,"z":0.021297762170433999,"w":0.034778203815221789},"size":1.060328483581543,"orthographic":false}