{"cameraMode":{"drawMode":0,"name":"Shaded","section":"Shading Mode"},"sceneLighting":false,"audioPlay":false,"sceneViewState":{"showFog":false,"showMaterialUpdate":false,"showSkybox":false,"showFlares":false,"showImageEffects":false,"showParticleSystems":false},"in2DMode":false,"pivot":{"x":0.22728657722473145,"y":-0.07742805778980255,"z":-0.4391727149486542},"rotation":{"x":0.03514045476913452,"y":-0.0018354952335357667,"z":0.003829024499282241,"w":0.9995318055152893},"size":1.106088399887085,"orthographic":false}