{"cameraMode":{"drawMode":0,"name":"Shaded","section":"Shading Mode"},"sceneLighting":false,"audioPlay":false,"sceneViewState":{"showFog":false,"showMaterialUpdate":false,"showSkybox":false,"showFlares":false,"showImageEffects":false,"showParticleSystems":false},"in2DMode":false,"pivot":{"x":-21.33018684387207,"y":-17.691545486450197,"z":-35.291542053222659},"rotation":{"x":0.19817981123924256,"y":-0.2098739892244339,"z":0.043484825640916827,"w":0.9564583897590637},"size":22.0,"orthographic":false}