{"cameraMode":{"drawMode":0,"name":"Shaded","section":"Shading Mode"},"sceneLighting":false,"audioPlay":false,"sceneViewState":{"showFog":false,"showMaterialUpdate":false,"showSkybox":false,"showFlares":false,"showImageEffects":false,"showParticleSystems":false},"in2DMode":false,"pivot":{"x":14.328702926635743,"y":12.0,"z":12.000000953674317},"rotation":{"x":-0.0019481913186609746,"y":-0.998041570186615,"z":0.03925373777747154,"w":-0.049150750041007999},"size":0.5746733546257019,"orthographic":false}