{"cameraMode":{"drawMode":0,"name":"Shaded","section":"Shading Mode"},"sceneLighting":false,"audioPlay":false,"sceneViewState":{"showFog":false,"showMaterialUpdate":false,"showSkybox":false,"showFlares":false,"showImageEffects":false,"showParticleSystems":false},"in2DMode":false,"pivot":{"x":-0.2987850606441498,"y":0.45888376235961916,"z":-21.097217559814454},"rotation":{"x":0.0001275729591725394,"y":0.9998552799224854,"z":0.008689346723258496,"w":-0.014697972685098648},"size":22.0,"orthographic":false}