{"cameraMode":{"drawMode":0,"name":"Shaded","section":"Shading Mode"},"sceneLighting":false,"audioPlay":false,"sceneViewState":{"showFog":false,"showMaterialUpdate":false,"showSkybox":false,"showFlares":false,"showImageEffects":false,"showParticleSystems":false},"in2DMode":false,"pivot":{"x":0.39150938391685488,"y":0.2855689227581024,"z":1.7244762182235718},"rotation":{"x":-0.16773609817028047,"y":0.7400246262550354,"z":-0.2002831995487213,"w":-0.619779109954834},"size":1.6666635274887086,"orthographic":false}