{"cameraMode":{"drawMode":0,"name":"Shaded","section":"Shading Mode"},"sceneLighting":false,"audioPlay":false,"sceneViewState":{"showFog":false,"showMaterialUpdate":false,"showSkybox":false,"showFlares":false,"showImageEffects":false,"showParticleSystems":false},"in2DMode":false,"pivot":{"x":-0.33892855048179629,"y":0.1289999783039093,"z":1.8515987396240235},"rotation":{"x":0.007498582825064659,"y":-0.9562779068946838,"z":0.024695897474884988,"w":0.29140904545783999},"size":0.838861346244812,"orthographic":false}