{"cameraMode":{"drawMode":0,"name":"Shaded","section":"Shading Mode"},"sceneLighting":false,"audioPlay":false,"sceneViewState":{"showFog":false,"showMaterialUpdate":false,"showSkybox":false,"showFlares":false,"showImageEffects":false,"showParticleSystems":false},"in2DMode":false,"pivot":{"x":7.420279026031494,"y":13.981921195983887,"z":0.24194908142089845},"rotation":{"x":0.01571255922317505,"y":0.977624773979187,"z":0.07905656099319458,"w":-0.19430868327617646},"size":18.1451358795166,"orthographic":false}