{"cameraMode":{"drawMode":0,"name":"Shaded","section":"Shading Mode"},"sceneLighting":false,"audioPlay":false,"sceneViewState":{"showFog":false,"showMaterialUpdate":false,"showSkybox":false,"showFlares":false,"showImageEffects":false,"showParticleSystems":false},"in2DMode":false,"pivot":{"x":0.0,"y":-8.344650268554688e-7,"z":9.685754776000977e-7},"rotation":{"x":-0.00030437481473200023,"y":0.9990224838256836,"z":0.046178292483091357,"w":0.010780233889818192},"size":5.729603290557861,"orthographic":false}