{"cameraMode":{"drawMode":0,"name":"Shaded","section":"Shading Mode"},"sceneLighting":false,"audioPlay":false,"sceneViewState":{"showFog":false,"showMaterialUpdate":false,"showSkybox":false,"showFlares":false,"showImageEffects":false,"showParticleSystems":false},"in2DMode":false,"pivot":{"x":0.49659162759780886,"y":11.239999771118164,"z":-0.1599999964237213},"rotation":{"x":-0.127834290266037,"y":0.8574760556221008,"z":-0.42730671167373659,"w":-0.25653645396232607},"size":0.6700555682182312,"orthographic":false}