{"cameraMode":{"drawMode":0,"name":"Shaded","section":"Shading Mode"},"sceneLighting":false,"audioPlay":false,"sceneViewState":{"showFog":false,"showMaterialUpdate":false,"showSkybox":false,"showFlares":false,"showImageEffects":false,"showParticleSystems":false},"in2DMode":false,"pivot":{"x":1.7881393432617188e-7,"y":0.5800000429153442,"z":1.0909998416900635},"rotation":{"x":-0.0017656534910202027,"y":0.9479307532310486,"z":0.005408479366451502,"w":0.3186524212360382},"size":8.666001319885254,"orthographic":false}