{"cameraMode":{"drawMode":0,"name":"Shaded","section":"Shading Mode"},"sceneLighting":true,"audioPlay":false,"sceneViewState":{"showFog":false,"showMaterialUpdate":false,"showSkybox":false,"showFlares":false,"showImageEffects":false,"showParticleSystems":false},"in2DMode":false,"pivot":{"x":-0.02264789119362831,"y":1.5826613903045655,"z":-4.099608421325684},"rotation":{"x":0.000907389388885349,"y":0.9885075688362122,"z":-0.15183031558990479,"w":0.0050354208797216419},"size":28.45172119140625,"orthographic":false}